number,name,url
No.03,数组中重复的数字,https://leetcode-cn.com/problems/shu-zu-zhong-zhong-fu-de-shu-zi-lcof
No.04,二维数组中的查找,https://leetcode-cn.com/problems/er-wei-shu-zu-zhong-de-cha-zhao-lcof
No.05,替换空格,https://leetcode-cn.com/problems/ti-huan-kong-ge-lcof
No.06,从尾到头打印链表,https://leetcode-cn.com/problems/cong-wei-dao-tou-da-yin-lian-biao-lcof
No.07,重建二叉树,https://leetcode-cn.com/problems/zhong-jian-er-cha-shu-lcof
No.09,用两个栈实现队列,https://leetcode-cn.com/problems/yong-liang-ge-zhan-shi-xian-dui-lie-lcof
No.10- I,斐波那契数列,https://leetcode-cn.com/problems/fei-bo-na-qi-shu-lie-lcof
No.10- II,青蛙跳台阶问题,https://leetcode-cn.com/problems/qing-wa-tiao-tai-jie-wen-ti-lcof
No.11,旋转数组的最小数字,https://leetcode-cn.com/problems/xuan-zhuan-shu-zu-de-zui-xiao-shu-zi-lcof
No.12,矩阵中的路径,https://leetcode-cn.com/problems/ju-zhen-zhong-de-lu-jing-lcof
No.13,机器人的运动范围,https://leetcode-cn.com/problems/ji-qi-ren-de-yun-dong-fan-wei-lcof
No.14- I,剪绳子,https://leetcode-cn.com/problems/jian-sheng-zi-lcof
No.14- II,剪绳子 II,https://leetcode-cn.com/problems/jian-sheng-zi-ii-lcof
No.15,二进制中1的个数,https://leetcode-cn.com/problems/er-jin-zhi-zhong-1de-ge-shu-lcof
No.16,数值的整数次方,https://leetcode-cn.com/problems/shu-zhi-de-zheng-shu-ci-fang-lcof
No.17,打印从1到最大的n位数,https://leetcode-cn.com/problems/da-yin-cong-1dao-zui-da-de-nwei-shu-lcof
No.18,删除链表的节点,https://leetcode-cn.com/problems/shan-chu-lian-biao-de-jie-dian-lcof
No.19,正则表达式匹配,https://leetcode-cn.com/problems/zheng-ze-biao-da-shi-pi-pei-lcof
No.20,表示数值的字符串,https://leetcode-cn.com/problems/biao-shi-shu-zhi-de-zi-fu-chuan-lcof
No.21,调整数组顺序使奇数位于偶数前面,https://leetcode-cn.com/problems/diao-zheng-shu-zu-shun-xu-shi-qi-shu-wei-yu-ou-shu-qian-mian-lcof
No.22,链表中倒数第k个节点,https://leetcode-cn.com/problems/lian-biao-zhong-dao-shu-di-kge-jie-dian-lcof
No.24,反转链表,https://leetcode-cn.com/problems/fan-zhuan-lian-biao-lcof
No.25,合并两个排序的链表,https://leetcode-cn.com/problems/he-bing-liang-ge-pai-xu-de-lian-biao-lcof
No.26,树的子结构,https://leetcode-cn.com/problems/shu-de-zi-jie-gou-lcof
No.27,二叉树的镜像,https://leetcode-cn.com/problems/er-cha-shu-de-jing-xiang-lcof
No.28,对称的二叉树,https://leetcode-cn.com/problems/dui-cheng-de-er-cha-shu-lcof
No.29,顺时针打印矩阵,https://leetcode-cn.com/problems/shun-shi-zhen-da-yin-ju-zhen-lcof
No.30,包含min函数的栈,https://leetcode-cn.com/problems/bao-han-minhan-shu-de-zhan-lcof
No.31,栈的压入、弹出序列,https://leetcode-cn.com/problems/zhan-de-ya-ru-dan-chu-xu-lie-lcof
No.32 - I,从上到下打印二叉树,https://leetcode-cn.com/problems/cong-shang-dao-xia-da-yin-er-cha-shu-lcof
No.32 - II,从上到下打印二叉树 II,https://leetcode-cn.com/problems/cong-shang-dao-xia-da-yin-er-cha-shu-ii-lcof
No.32 - III,从上到下打印二叉树 III,https://leetcode-cn.com/problems/cong-shang-dao-xia-da-yin-er-cha-shu-iii-lcof
No.33,二叉搜索树的后序遍历序列,https://leetcode-cn.com/problems/er-cha-sou-suo-shu-de-hou-xu-bian-li-xu-lie-lcof
No.34,二叉树中和为某一值的路径,https://leetcode-cn.com/problems/er-cha-shu-zhong-he-wei-mou-yi-zhi-de-lu-jing-lcof
No.35,复杂链表的复制,https://leetcode-cn.com/problems/fu-za-lian-biao-de-fu-zhi-lcof
No.36,二叉搜索树与双向链表,https://leetcode-cn.com/problems/er-cha-sou-suo-shu-yu-shuang-xiang-lian-biao-lcof
No.37,序列化二叉树,https://leetcode-cn.com/problems/xu-lie-hua-er-cha-shu-lcof
No.38,字符串的排列,https://leetcode-cn.com/problems/zi-fu-chuan-de-pai-lie-lcof
No.39,数组中出现次数超过一半的数字,https://leetcode-cn.com/problems/shu-zu-zhong-chu-xian-ci-shu-chao-guo-yi-ban-de-shu-zi-lcof
No.40,最小的k个数,https://leetcode-cn.com/problems/zui-xiao-de-kge-shu-lcof
No.41,数据流中的中位数,https://leetcode-cn.com/problems/shu-ju-liu-zhong-de-zhong-wei-shu-lcof
No.42,连续子数组的最大和,https://leetcode-cn.com/problems/lian-xu-zi-shu-zu-de-zui-da-he-lcof
No.43,1～n整数中1出现的次数,https://leetcode-cn.com/problems/1nzheng-shu-zhong-1chu-xian-de-ci-shu-lcof
No.44,数字序列中某一位的数字,https://leetcode-cn.com/problems/shu-zi-xu-lie-zhong-mou-yi-wei-de-shu-zi-lcof
No.45,把数组排成最小的数,https://leetcode-cn.com/problems/ba-shu-zu-pai-cheng-zui-xiao-de-shu-lcof
No.46,把数字翻译成字符串,https://leetcode-cn.com/problems/ba-shu-zi-fan-yi-cheng-zi-fu-chuan-lcof
No.47,礼物的最大价值,https://leetcode-cn.com/problems/li-wu-de-zui-da-jie-zhi-lcof
No.48,最长不含重复字符的子字符串,https://leetcode-cn.com/problems/zui-chang-bu-han-zhong-fu-zi-fu-de-zi-zi-fu-chuan-lcof
No.49,丑数,https://leetcode-cn.com/problems/chou-shu-lcof
No.50,第一个只出现一次的字符,https://leetcode-cn.com/problems/di-yi-ge-zhi-chu-xian-yi-ci-de-zi-fu-lcof
No.51,数组中的逆序对,https://leetcode-cn.com/problems/shu-zu-zhong-de-ni-xu-dui-lcof
No.52,两个链表的第一个公共节点,https://leetcode-cn.com/problems/liang-ge-lian-biao-de-di-yi-ge-gong-gong-jie-dian-lcof
No.53 - I,在排序数组中查找数字 I,https://leetcode-cn.com/problems/zai-pai-xu-shu-zu-zhong-cha-zhao-shu-zi-lcof
No.53 - II,0～n-1中缺失的数字,https://leetcode-cn.com/problems/que-shi-de-shu-zi-lcof
No.54,二叉搜索树的第k大节点,https://leetcode-cn.com/problems/er-cha-sou-suo-shu-de-di-kda-jie-dian-lcof
No.55 - I,二叉树的深度,https://leetcode-cn.com/problems/er-cha-shu-de-shen-du-lcof
No.55 - II,平衡二叉树,https://leetcode-cn.com/problems/ping-heng-er-cha-shu-lcof
No.56 - I,数组中数字出现的次数,https://leetcode-cn.com/problems/shu-zu-zhong-shu-zi-chu-xian-de-ci-shu-lcof
No.56 - II,数组中数字出现的次数 II,https://leetcode-cn.com/problems/shu-zu-zhong-shu-zi-chu-xian-de-ci-shu-ii-lcof
No.57,和为s的两个数字,https://leetcode-cn.com/problems/he-wei-sde-liang-ge-shu-zi-lcof
No.57 - II,和为s的连续正数序列,https://leetcode-cn.com/problems/he-wei-sde-lian-xu-zheng-shu-xu-lie-lcof
No.58 - I,翻转单词顺序,https://leetcode-cn.com/problems/fan-zhuan-dan-ci-shun-xu-lcof
No.58 - II,左旋转字符串,https://leetcode-cn.com/problems/zuo-xuan-zhuan-zi-fu-chuan-lcof
No.59 - I,滑动窗口的最大值,https://leetcode-cn.com/problems/hua-dong-chuang-kou-de-zui-da-zhi-lcof
No.59 - II,队列的最大值,https://leetcode-cn.com/problems/dui-lie-de-zui-da-zhi-lcof
No.60,n个骰子的点数,https://leetcode-cn.com/problems/nge-tou-zi-de-dian-shu-lcof
No.61,扑克牌中的顺子,https://leetcode-cn.com/problems/bu-ke-pai-zhong-de-shun-zi-lcof
No.62,圆圈中最后剩下的数字,https://leetcode-cn.com/problems/yuan-quan-zhong-zui-hou-sheng-xia-de-shu-zi-lcof
No.63,股票的最大利润,https://leetcode-cn.com/problems/gu-piao-de-zui-da-li-run-lcof
No.64,求1+2+…+n,https://leetcode-cn.com/problems/qiu-12n-lcof
No.65,不用加减乘除做加法,https://leetcode-cn.com/problems/bu-yong-jia-jian-cheng-chu-zuo-jia-fa-lcof
No.66,构建乘积数组,https://leetcode-cn.com/problems/gou-jian-cheng-ji-shu-zu-lcof
No.67,把字符串转换成整数,https://leetcode-cn.com/problems/ba-zi-fu-chuan-zhuan-huan-cheng-zheng-shu-lcof
No.68 - I,二叉搜索树的最近公共祖先,https://leetcode-cn.com/problems/er-cha-sou-suo-shu-de-zui-jin-gong-gong-zu-xian-lcof
No.68 - II,二叉树的最近公共祖先,https://leetcode-cn.com/problems/er-cha-shu-de-zui-jin-gong-gong-zu-xian-lcof
